first_name,last_name,gender,email,street_address
Jackie,Frunks,Genderqueer,jfrunks0@time.com,94 Grayhawk Crossing
Amerigo,Pearcey,Male,apearcey1@moonfruit.com,3354 Barby Crossing
Tony,Tenman,Genderfluid,ttenman2@cdbaby.com,04 Cardinal Place
Meryl,Stredwick,Male,mstredwick3@dmoz.org,2039 Stone Corner Hill
Nolly,Iannini,Polygender,niannini4@netlog.com,59316 Schiller Plaza
Deborah,Kinzel,Female,dkinzel5@moonfruit.com,04211 Northridge Terrace
Tara,Galler,Genderqueer,tgaller6@issuu.com,3 Harbort Road
Gretna,De Beauchemp,Non-binary,gdebeauchemp7@163.com,55834 Russell Road
Harwell,Brellin,Male,hbrellin8@geocities.com,717 Meadow Vale Hill
Bertrand,Norvel,Female,bnorvel9@issuu.com,4044 Ramsey Road
Haley,Pendergast,Genderqueer,hpendergasta@issuu.com,2 Gulseth Pass
Desdemona,Oxbie,Polygender,doxbieb@addtoany.com,86 Stoughton Point
Charleen,Devenish,Polygender,cdevenishc@linkedin.com,4583 Merrick Street
Tanhya,Beavors,Genderfluid,tbeavorsd@buzzfeed.com,418 Hayes Road
Fin,Galler,Genderqueer,fgallere@github.com,27 Derek Park
Hyman,Yarrall,,,1160 Donald Terrace
Artur,Swede,Bigender,aswedeg@berkeley.edu,
Deanna,Mundwell,Genderqueer,dmundwellh@ibm.com,44902 Oak Junction
Lynett,Olensby,Genderfluid,lolensbyi@dell.com,690 Spaight Park
Gwenneth,McGillivrie,Genderqueer,gmcgillivriej@fc2.com,044 Bluejay Trail
Susanna,Belk,Genderqueer,sbelkk@blogs.com,8018 Debs Junction
Joyous,Wennam,Male,jwennaml@ebay.com,512 Heath Terrace
Josiah,Crusham,Genderfluid,jcrushamm@answers.com,22213 Sunfield Alley
Deeyn,Cornfoot,Polygender,dcornfootn@reference.com,59811 Beilfuss Trail
Myrah,Capstack,Polygender,mcapstacko@imdb.com,9 Sunnyside Parkway
Sarena,Greenhow,Genderfluid,sgreenhowp@cpanel.net,
Jesselyn,Boynes,Non-binary,jboynesq@craigslist.org,6710 Granby Crossing
Perkin,Huntriss,Genderqueer,phuntrissr@bloglovin.com,91569 Heffernan Court
Tiffie,Kornalik,Agender,tkornaliks@angelfire.com,587 Prentice Center
Jard,Sandwith,Non-binary,jsandwitht@joomla.org,43 Mallard Terrace
Giulio,Inglesent,Female,ginglesentu@people.com.cn,49524 Declaration Court
Lorenzo,Karsh,Non-binary,lkarshv@apple.com,8996 Pleasure Crossing
Aguistin,Downham,Agender,adownhamw@icq.com,96 Fulton Street
Jennette,Alexandersen,Agender,jalexandersenx@last.fm,886 Park Meadow Drive
Siouxie,Sheekey,Female,ssheekeyy@blogs.com,35 Lawn Parkway
Sholom,Shackle,Bigender,sshacklez@statcounter.com,
Lonni,Fitchew,Male,lfitchew10@miitbeian.gov.cn,40 Sachs Center
Base,Fruchon,Female,bfruchon11@qq.com,
Zahara,Hankins,Female,zhankins12@theatlantic.com,0247 Rieder Point
Arlan,Huston,Genderqueer,ahuston13@phpbb.com,2427 Almo Avenue
Gaylor,Rougier,Bigender,grougier14@godaddy.com,24 Anhalt Lane
Jonas,Stockport,Polygender,jstockport15@reverbnation.com,
Daren,Rennolds,Genderqueer,drennolds16@columbia.edu,
Grissel,Tight,Genderfluid,gtight17@parallels.com,14 Heffernan Hill
Red,Clewlowe,Bigender,rclewlowe18@usnews.com,40221 Southridge Park
Barney,Rabjohn,Male,brabjohn19@domainmarket.com,88 Cardinal Point
Homerus,Shercliff,Polygender,hshercliff1a@tamu.edu,4 Holy Cross Crossing
Calvin,Ryburn,Female,cryburn1b@amazon.co.jp,79 Montana Hill
Austen,Rhymes,Male,arhymes1c@netvibes.com,8 Burning Wood Crossing
Germain,Temlett,Genderqueer,gtemlett1d@fc2.com,806 Ridgeway Lane
Denise,Davidove,Polygender,ddavidove1e@mac.com,2 Spaight Lane
Cedric,Treversh,Female,ctreversh1f@ning.com,8615 4th Park
Dickie,McCrohon,Agender,dmccrohon1g@acquirethisname.com,37 Menomonie Park
Rosamond,Bygreaves,Genderfluid,rbygreaves1h@google.com.br,61648 Meadow Valley Pass
Saunder,Ride,Genderqueer,sride1i@simplemachines.org,6 Goodland Court
Hiram,Coleson,Female,hcoleson1j@paypal.com,5 Shoshone Park
Alysa,Airton,Non-binary,aairton1k@indiatimes.com,75 Mifflin Plaza
Kari,Prator,Polygender,kprator1l@csmonitor.com,831 West Drive
Jean,Munt,Male,jmunt1m@angelfire.com,1090 Starling Pass
Alvy,Jeyes,Non-binary,ajeyes1n@naver.com,1400 Farmco Center
Ira,Darley,Agender,idarley1o@cyberchimps.com,115 Manitowish Center
Lauren,Scherme,Polygender,lscherme1p@whitehouse.gov,993 Carioca Hill
Bealle,Brunelleschi,Genderfluid,,3512 Boyd Court
Lorenza,Sea,Bigender,lsea1r@nature.com,1 Heffernan Park
Elijah,Cayton,Polygender,ecayton1s@miibeian.gov.cn,34 Burrows Terrace
Enoch,Okker,Genderfluid,eokker1t@kickstarter.com,640 Butterfield Lane
Colas,Giacomi,Genderqueer,cgiacomi1u@java.com,8595 Prairie Rose Terrace
Adah,De la Harpe,Bigender,adelaharpe1v@sohu.com,8937 Westridge Hill
Gauthier,Richie,Agender,grichie1w@omniture.com,62 Mayer Plaza
Brenda,Fyall,Non-binary,bfyall1x@economist.com,7789 Anzinger Pass
Maris,Flucks,Agender,mflucks1y@csmonitor.com,14489 1st Road
Candy,Rollings,Genderqueer,crollings1z@census.gov,9 Merrick Parkway
Cass,Petticrew,Polygender,cpetticrew20@wiley.com,08 Evergreen Avenue
Abbe,Orriss,Male,aorriss21@toplist.cz,253 Monument Street
Skyler,Edel,Polygender,sedel22@scribd.com,741 Scofield Center
Tom,Bradwell,Genderqueer,tbradwell23@sitemeter.com,01 Commercial Junction
Simmonds,Edwardson,Genderqueer,sedwardson24@google.com,6164 North Trail
Ingrim,Heinritz,Agender,iheinritz25@tuttocitta.it,7228 Carioca Terrace
Xylina,Bugdell,Female,xbugdell26@bloomberg.com,
Chico,Bockett,Genderqueer,cbockett27@google.de,
Sigismondo,Denson,Male,sdenson28@eepurl.com,5067 Sloan Road
Cyrille,de Mendoza,Bigender,,3 Meadow Vale Circle
Kalli,Frogley,Genderqueer,kfrogley2a@tripod.com,195 Dottie Point
Caye,Chapiro,Bigender,cchapiro2b@ovh.net,473 Northridge Junction
Tyson,Kensington,Agender,tkensington2c@ehow.com,500 Maryland Pass
Perice,Balsdone,Bigender,pbalsdone2d@omniture.com,9820 Kim Junction
Tab,Jull,Genderqueer,tjull2e@house.gov,717 Upham Point
Dorey,Merwede,Female,dmerwede2f@shareasale.com,8 Hoepker Court
Diego,Cosyns,Genderqueer,dcosyns2g@wp.com,566 Karstens Junction
Bethena,Witherington,Male,bwitherington2h@rakuten.co.jp,
Rourke,Langforth,Agender,rlangforth2i@live.com,7 Texas Court
Neda,Gounin,Female,ngounin2j@csmonitor.com,315 Old Gate Court
Hewe,Henkmann,Genderqueer,hhenkmann2k@privacy.gov.au,8243 Merchant Crossing
Gran,Trunkfield,Polygender,gtrunkfield2l@nytimes.com,9897 Lotheville Park
Auria,Friedlos,Male,afriedlos2m@alexa.com,5 Oak Valley Alley
Francisco,Boatwright,Bigender,fboatwright2n@ning.com,443 South Road
Valene,Tomik,Female,vtomik2o@time.com,
Reagen,Le Noury,Agender,rlenoury2p@prweb.com,
Kerwin,O' Gara,,kogara2q@hp.com,1597 Corben Circle
Janeta,Swigger,Non-binary,jswigger2r@uiuc.edu,45 Red Cloud Place
Ladonna,Demeza,Male,ldemeza2s@elpais.com,389 Hoepker Circle
Melany,Mushrow,Genderqueer,mmushrow2t@buzzfeed.com,40170 Marquette Junction
Antonius,Gligori,Agender,agligori2u@howstuffworks.com,729 Meadow Vale Circle
Neel,Gillbard,Female,ngillbard2v@va.gov,6 Graceland Trail
Trumaine,Oldroyd,Polygender,toldroyd2w@ebay.com,55 Hoepker Place
Rawley,Ghost,Genderqueer,rghost2x@hexun.com,9 Norway Maple Circle
Joel,Carleton,,jcarleton2y@amazon.co.jp,0 Golf Plaza
Letisha,Count,Genderfluid,lcount2z@e-recht24.de,2026 Spaight Drive
Russell,Gerrit,Genderfluid,rgerrit30@creativecommons.org,1 Blaine Place
Deanna,Paschek,Bigender,dpaschek31@webeden.co.uk,110 Summerview Place
Fawnia,Rampley,Genderqueer,frampley32@myspace.com,29 Delaware Trail
Pasquale,Burdas,Male,pburdas33@reuters.com,44320 Granby Street
Natala,Bayns,Female,nbayns34@ca.gov,58 Laurel Circle
Jeffy,Mc Coughan,Male,jmccoughan35@seattletimes.com,1595 Park Meadow Hill
Wald,Fear,Genderqueer,,
Frank,Chenery,Polygender,fchenery37@gmpg.org,85069 Katie Drive
Delcina,Willshee,Bigender,dwillshee38@scribd.com,2 Eastlawn Parkway
Ange,Grumble,Genderfluid,agrumble39@hao123.com,
Ulrica,Tomas,Agender,utomas3a@ustream.tv,
Rhianon,Menguy,Agender,rmenguy3b@squarespace.com,
Gayelord,Bere,Bigender,gbere3c@meetup.com,907 Fairfield Road
Cristionna,Laver,Non-binary,claver3d@sbwire.com,613 Melody Junction
Kip,Metzke,Male,kmetzke3e@amazon.co.jp,7 Doe Crossing Drive
Tanya,Drance,Non-binary,tdrance3f@indiegogo.com,93 Pond Parkway
Hedwig,Heeran,Agender,hheeran3g@mozilla.com,545 Hazelcrest Pass
Sibel,Minillo,Polygender,sminillo3h@slashdot.org,72387 Annamark Way
Neda,Cosgriff,Male,ncosgriff3i@mapquest.com,
Duky,Calafate,Male,dcalafate3j@issuu.com,5465 Ilene Park
Kirsten,Longo,Non-binary,klongo3k@cnn.com,170 Rusk Junction
Dania,Dudleston,Non-binary,ddudleston3l@google.nl,102 Mockingbird Pass
Garrek,Shoesmith,Non-binary,gshoesmith3m@webeden.co.uk,180 Merchant Junction
Alano,Doyle,Genderfluid,adoyle3n@sohu.com,099 Sullivan Terrace
Alain,Culross,Polygender,aculross3o@ycombinator.com,7551 Dovetail Pass
Dick,Toller,Genderfluid,dtoller3p@twitter.com,51 Del Mar Parkway
Zondra,Loudyan,Male,zloudyan3q@oakley.com,40 Shopko Lane
Othilie,Revey,Genderfluid,orevey3r@cnet.com,52737 Nancy Drive
Corrie,Joao,Genderfluid,cjoao3s@drupal.org,0 Gateway Circle
Yuri,Sheldrick,Female,ysheldrick3t@skype.com,5 Heffernan Terrace
Stormy,Alben,Female,,282 Gateway Center
Marlene,De la Zenne,Non-binary,mdelazenne3v@artisteer.com,9 Lunder Hill
Tally,Linebarger,,tlinebarger3w@clickbank.net,59287 Golf View Lane
Orazio,Willbourne,Female,owillbourne3x@bravesites.com,69 Tennyson Crossing
Georgeta,Glede,,gglede3y@foxnews.com,3 Comanche Terrace
Eddie,Grise,Non-binary,egrise3z@globo.com,9067 Hagan Pass
Innis,Greystoke,Non-binary,igreystoke40@usatoday.com,333 Arizona Alley
Siouxie,Hackford,Male,shackford41@stanford.edu,2 Alpine Terrace
Xylia,Lillford,Male,xlillford42@t-online.de,60 Hayes Alley
Kitti,Risebarer,Male,krisebarer43@163.com,0 Lukken Hill
Krisha,Bergeau,Agender,kbergeau44@mail.ru,83586 Holmberg Circle
Marlow,Scorer,Genderfluid,mscorer45@icio.us,240 Kenwood Plaza
Chadd,Tutsell,Genderqueer,ctutsell46@exblog.jp,70866 Harper Point
Giffy,Castillon,Male,gcastillon47@amazon.com,92464 Jackson Point
Maud,Sara,Female,msara48@163.com,746 Almo Pass
Zelma,Plant,Bigender,zplant49@nbcnews.com,293 Hayes Crossing
Devin,Capelin,Agender,dcapelin4a@sciencedirect.com,7 American Ash Alley
Hallsy,Furley,,hfurley4b@webeden.co.uk,45536 Messerschmidt Lane
Angus,Durak,Genderfluid,adurak4c@rediff.com,32 Melvin Terrace
Celina,Tregea,Non-binary,ctregea4d@posterous.com,292 Ryan Drive
Nelie,Swafford,Bigender,nswafford4e@twitter.com,9 Dorton Circle
Kendrick,Manion,Female,kmanion4f@creativecommons.org,75 Westridge Plaza
Audra,Wildbore,Genderqueer,awildbore4g@sun.com,23 Cascade Circle
Renell,Parrish,Agender,rparrish4h@ibm.com,9 Harper Point
Brittany,Eyres,Polygender,beyres4i@tmall.com,3 Orin Road
Lambert,Board,Polygender,lboard4j@prlog.org,41263 Delaware Lane
Stinky,Hardwin,Male,shardwin4k@sphinn.com,15 Katie Court
Sallie,Messam,Non-binary,smessam4l@nifty.com,47 Roth Hill
Whitney,Dearlove,Bigender,wdearlove4m@exblog.jp,35 Riverside Avenue
Bernadina,Robotham,Male,brobotham4n@newsvine.com,21489 Anniversary Circle
Devlen,Wimpress,Polygender,dwimpress4o@auda.org.au,67 Gale Plaza
Lemmy,Heasley,Genderfluid,lheasley4p@slashdot.org,3400 Hintze Place
Saraann,Rosenblum,Male,srosenblum4q@g.co,1 Pond Avenue
Ophelie,De Anesy,Polygender,odeanesy4r@accuweather.com,2072 Norway Maple Road
Keven,Losebie,Genderfluid,klosebie4s@nsw.gov.au,7199 Pawling Way
Gretta,Kenneway,Non-binary,gkenneway4t@163.com,90 Lake View Crossing
Trever,McQuarrie,Bigender,tmcquarrie4u@yahoo.co.jp,17697 Pankratz Street
Jannel,Knowller,Agender,jknowller4v@storify.com,345 Bluestem Avenue
Vera,Ambrogini,Polygender,vambrogini4w@va.gov,128 Hansons Circle
Maurise,Brazelton,Polygender,mbrazelton4x@xing.com,2434 Columbus Terrace
Constancy,Devo,Agender,cdevo4y@ucsd.edu,8024 Pankratz Way
Emlen,Lambird,Polygender,elambird4z@princeton.edu,06 Elka Hill
Ebenezer,Losebie,Male,elosebie50@chronoengine.com,27 American Ash Way
Binnie,Corkitt,Bigender,bcorkitt51@clickbank.net,5 David Hill
Temple,Hillitt,Agender,thillitt52@dailymail.co.uk,87218 Havey Pass
Lamont,Wright,Bigender,lwright53@umn.edu,3 Commercial Junction
Gerick,Blaycock,Non-binary,gblaycock54@ebay.co.uk,3 Ridgeway Road
Kellie,Gerling,Non-binary,kgerling55@mlb.com,300 Dawn Road
Cam,Cuttin,Bigender,ccuttin56@google.fr,5988 Cardinal Crossing
Cher,Cable,Genderqueer,ccable57@canalblog.com,
Esme,Sprionghall,Genderqueer,esprionghall58@usatoday.com,7050 Porter Hill
Simone,Wychard,Genderfluid,swychard59@xrea.com,
Ursula,Benedek,Bigender,ubenedek5a@salon.com,40 Sutteridge Trail
Berta,Heinke,Male,bheinke5b@ibm.com,8533 Algoma Street
Xylia,McNay,Agender,xmcnay5c@sohu.com,4721 Summit Street
Estelle,Eick,Non-binary,eeick5d@boston.com,53 Park Meadow Avenue
Lezley,Camblin,Male,lcamblin5e@exblog.jp,7531 Russell Plaza
Shirlee,Lambol,Genderqueer,slambol5f@squidoo.com,0 School Parkway
Leanna,O'Sheerin,Bigender,losheerin5g@desdev.cn,21069 Fairview Way
Anselm,Rougier,Polygender,arougier5h@boston.com,6686 Lake View Park
Ernie,Propper,Non-binary,epropper5i@unblog.fr,6771 Messerschmidt Lane
Melania,Lipgens,Genderfluid,mlipgens5j@vinaora.com,2 Novick Center
Kin,Petrie,Agender,kpetrie5k@nps.gov,9131 Fair Oaks Place
Saxon,Caruth,Genderfluid,scaruth5l@trellian.com,1944 Sheridan Avenue
Viva,Leguey,Non-binary,vleguey5m@wp.com,9 Little Fleur Point
Genia,Skotcher,,gskotcher5n@dagondesign.com,0558 Sage Circle
Gaelan,Hillen,Genderqueer,ghillen5o@sohu.com,51965 Eastlawn Hill
Gill,Lamplugh,Genderfluid,glamplugh5p@themeforest.net,74 Grasskamp Center
Junie,Townson,Non-binary,jtownson5q@oracle.com,11 Dexter Place
Loella,Goodwin,Non-binary,lgoodwin5r@gizmodo.com,717 Meadow Valley Point
Monica,Hatherell,Male,mhatherell5s@meetup.com,16391 Esker Road
Samara,Marland,Genderfluid,smarland5t@chron.com,87855 Towne Crossing
Ulla,Antalffy,Genderfluid,uantalffy5u@cornell.edu,56259 Mallory Place
Carmencita,Cuesta,Polygender,ccuesta5v@vistaprint.com,0 Randy Park
Alexis,Broun,Male,abroun5w@google.it,19137 Homewood Plaza
Tommie,Josselsohn,Genderqueer,tjosselsohn5x@constantcontact.com,69088 Maple Trail
Corissa,Clancy,Female,cclancy5y@symantec.com,80 Arrowood Drive
Monah,Boothman,Male,mboothman5z@hhs.gov,
Moll,Debnam,Male,mdebnam60@go.com,43636 Springs Trail
Alley,Deaville,Genderfluid,adeaville61@list-manage.com,1319 Corscot Street
Candida,Minchinton,Bigender,cminchinton62@etsy.com,92057 Waxwing Alley
Kristoffer,Agett,Agender,kagett63@creativecommons.org,034 Moland Trail
Eve,Walford,Agender,ewalford64@engadget.com,6 Amoth Point
Eleni,Drysdale,Polygender,edrysdale65@dmoz.org,6550 Tennyson Pass
Salomone,Christofor,Genderfluid,schristofor66@blogtalkradio.com,126 Hoffman Center
Rudiger,Misken,Genderqueer,rmisken67@example.com,
Avie,Sutworth,Agender,asutworth68@cbsnews.com,3 Prentice Point
Ivory,Legg,Agender,ilegg69@yolasite.com,0 Scoville Court
Keelby,Tresise,,ktresise6a@amazon.co.jp,87030 Harper Road
Ardath,Dutton,Female,adutton6b@csmonitor.com,52 Pearson Park
Giff,Pargeter,Agender,,8 Merchant Drive
Barbra,Millar,Polygender,,32132 Dottie Road
Noni,Redgewell,Genderqueer,nredgewell6e@mtv.com,83 4th Drive
Holli,Kinneally,Male,hkinneally6f@e-recht24.de,643 Armistice Parkway
Howard,Tomowicz,Genderqueer,,
Abbe,Domenge,Bigender,adomenge6h@yolasite.com,3906 Forest Run Place
Leo,Fourmy,Genderfluid,lfourmy6i@skype.com,9853 Muir Crossing
Neall,O'Farrell,Genderqueer,nofarrell6j@sina.com.cn,53 Buell Crossing
Calla,Guwer,Genderqueer,cguwer6k@umich.edu,50 Haas Alley
Munmro,Chrishop,Agender,mchrishop6l@oracle.com,185 Schurz Park
Ase,Rand,Agender,arand6m@amazon.co.uk,2 Fair Oaks Point
Rosalia,Icom,Non-binary,ricom6n@bizjournals.com,4074 Northport Avenue
Pavla,Dumelow,Male,pdumelow6o@naver.com,77095 Oak Way
Lynnell,MacKeever,Polygender,lmackeever6p@mediafire.com,6 Mallard Trail
Danny,Stollwerk,Female,dstollwerk6q@blogtalkradio.com,41430 Susan Way
Stepha,Blenkhorn,Genderfluid,sblenkhorn6r@fda.gov,245 Elka Way
Jammal,Ridsdell,Genderfluid,jridsdell6s@baidu.com,8 Loeprich Pass
Koo,Terlinden,Genderfluid,kterlinden6t@1688.com,8670 Pawling Hill
Bentlee,Simionescu,Male,bsimionescu6u@eventbrite.com,216 Thompson Street
Torrance,Flaunier,Polygender,tflaunier6v@dot.gov,860 Annamark Plaza
Huntington,Ekkel,Genderfluid,hekkel6w@infoseek.co.jp,9 Sommers Circle
Persis,Tebbs,Bigender,ptebbs6x@dell.com,8953 Union Hill
Tybie,Caudle,Non-binary,tcaudle6y@feedburner.com,3 Thierer Crossing
Carissa,Astles,Female,castles6z@digg.com,
Katha,Fannin,,,9467 Division Court
Haily,Mellon,Male,hmellon71@go.com,83329 Mifflin Center
Gaylord,Giacomoni,Male,ggiacomoni72@mlb.com,68 Packers Trail
Mathew,Fearn,Male,mfearn73@angelfire.com,5 Carpenter Avenue
Chaddie,Powell,Genderfluid,cpowell74@youku.com,55958 Northland Way
Tiffie,Gullefant,Agender,tgullefant75@ifeng.com,6306 Orin Pass
Tedda,Leyton,Polygender,tleyton76@webnode.com,29101 Maple Wood Avenue
Blake,Garrity,Genderqueer,bgarrity77@eventbrite.com,82000 Tomscot Park
Tiffi,Heath,Non-binary,theath78@ask.com,937 Judy Trail
Parsifal,Rickersey,Bigender,prickersey79@usnews.com,
Roch,Stellin,Genderqueer,rstellin7a@google.cn,277 Forest Dale Lane
Ilyssa,Kemmis,Genderfluid,ikemmis7b@stumbleupon.com,5 Elka Hill
Francklin,Tsarovic,Genderfluid,ftsarovic7c@csmonitor.com,74936 Maple Wood Center
Rhonda,Boyall,Agender,rboyall7d@bizjournals.com,1 Carpenter Junction
Christye,Geertz,Female,cgeertz7e@oaic.gov.au,3 Eagan Crossing
Quincey,Sparry,Bigender,qsparry7f@wiley.com,4102 Bartillon Way
Leanna,Kimmince,Non-binary,lkimmince7g@sogou.com,1873 Menomonie Court
Jorrie,Beak,Bigender,jbeak7h@moonfruit.com,8473 Fair Oaks Place
Heindrick,Matthesius,Non-binary,hmatthesius7i@virginia.edu,9514 Karstens Point
Caddric,Colten,Female,ccolten7j@usa.gov,7976 Dennis Terrace
Valaria,Garbutt,Agender,vgarbutt7k@ning.com,297 Dahle Avenue
Robina,Bartomeu,Bigender,rbartomeu7l@rambler.ru,4 Vermont Point
Rose,Flaubert,Male,rflaubert7m@npr.org,835 Transport Point
Wanda,Fetherby,Non-binary,wfetherby7n@wunderground.com,41 Bunker Hill Trail
Emelda,Southby,Agender,esouthby7o@tamu.edu,33 Lyons Parkway
Rorie,Maginot,Polygender,rmaginot7p@blogger.com,08956 Old Shore Way
Sabine,Bus,Bigender,sbus7q@studiopress.com,53695 Fordem Avenue
Eve,Yitzhakov,Female,eyitzhakov7r@ibm.com,5 Thompson Point
Garrott,Sabin,Male,gsabin7s@gravatar.com,4 Larry Point
Wilma,Lundon,Genderqueer,wlundon7t@wordpress.org,48 High Crossing Road
Ugo,Escalero,Genderqueer,uescalero7u@buzzfeed.com,54 Anzinger Circle
Nicholas,Doone,Agender,ndoone7v@ft.com,36 Clarendon Trail
Egan,Jenkins,Female,ejenkins7w@amazonaws.com,909 Fulton Pass
Dre,Botright,Non-binary,dbotright7x@w3.org,97564 Cambridge Way
Kerianne,Gilhouley,Male,kgilhouley7y@bandcamp.com,706 Grover Park
Lionello,Danaher,Bigender,ldanaher7z@blog.com,81859 Stone Corner Park
Abbi,Bertolin,Agender,abertolin80@topsy.com,3 Lerdahl Pass
Raven,Durward,Genderfluid,rdurward81@ca.gov,02804 Killdeer Park
Nomi,Filpi,Bigender,nfilpi82@networksolutions.com,75104 Dwight Way
Hillie,Tuerena,Polygender,htuerena83@cnbc.com,6248 Johnson Avenue
Brandais,Maun,Non-binary,bmaun84@about.me,5 Butternut Way
Aliza,Templeman,Male,atempleman85@usgs.gov,96 High Crossing Lane
Alyda,Aldren,Male,aaldren86@godaddy.com,29 Gateway Place
Ulick,Sykes,Genderqueer,usykes87@hostgator.com,06549 Kenwood Lane
Dorena,Pashler,Genderfluid,dpashler88@tripod.com,61 Ohio Alley
Lynde,Plinck,Bigender,lplinck89@imdb.com,12 Monterey Terrace
Brit,Butland,Male,bbutland8a@mashable.com,2 Waxwing Court
Rolph,Mosson,,rmosson8b@usa.gov,6 Westridge Trail
Tris,Stain,Genderfluid,tstain8c@vistaprint.com,1 Golf Center
Aland,Hampson,Female,ahampson8d@sogou.com,240 Brown Hill
Lisette,Ausher,Female,lausher8e@xinhuanet.com,95 Fremont Avenue
Helen-elizabeth,Spreull,Non-binary,hspreull8f@weather.com,83 Northwestern Drive
Marijn,Rewcastle,Genderqueer,mrewcastle8g@indiegogo.com,5276 Summit Park
Hirsch,Petegre,Genderfluid,hpetegre8h@prnewswire.com,223 Superior Parkway
Bernie,Jurek,Female,bjurek8i@tuttocitta.it,1 Summerview Place
Germayne,Pimbley,Polygender,gpimbley8j@vk.com,44 American Ash Pass
Effie,Rowsell,Genderfluid,erowsell8k@photobucket.com,040 Mosinee Alley
Heinrik,Conws,Genderfluid,hconws8l@histats.com,7262 Prairie Rose Park
Louise,Benck,Polygender,lbenck8m@indiegogo.com,34 Dottie Drive
Ilysa,Aldrin,Genderfluid,ialdrin8n@yandex.ru,389 Lakewood Circle
Kim,Drane,Bigender,kdrane8o@rakuten.co.jp,01 Morningstar Junction
Wilhelmina,Pobjoy,Male,wpobjoy8p@123-reg.co.uk,276 Clyde Gallagher Road
Leoine,Yushankin,Genderfluid,lyushankin8q@woothemes.com,106 Green Ridge Pass
Lotta,Beeken,Non-binary,lbeeken8r@etsy.com,2843 Crest Line Lane
Sidonia,Taaffe,Female,staaffe8s@instagram.com,
Tailor,Frowd,Agender,tfrowd8t@123-reg.co.uk,28 Donald Way
Didi,Cogman,Female,dcogman8u@theguardian.com,497 Chinook Junction
Ezekiel,Bengtson,Female,ebengtson8v@github.io,35 Barnett Road
Alano,Triggs,Female,atriggs8w@army.mil,2 Eagle Crest Hill
Rebe,Westwater,Bigender,rwestwater8x@umn.edu,17053 New Castle Center
Kakalina,Found,Male,kfound8y@google.es,8 Lunder Place
Frank,Foffano,Bigender,,8118 Mockingbird Drive
Tamma,Bonallack,Agender,tbonallack90@so-net.ne.jp,5720 Manufacturers Parkway
Tabby,Nightingale,Male,tnightingale91@aboutads.info,6 Caliangt Road
Kinny,Fluck,Genderfluid,kfluck92@who.int,96674 Atwood Parkway
Flori,MacCosty,Agender,fmaccosty93@123-reg.co.uk,976 Eastlawn Avenue
Lyndell,Collocott,Non-binary,,6 Marcy Alley
Iver,Aicheson,Genderfluid,iaicheson95@yahoo.com,0 Esker Terrace
Addison,Fellman,Polygender,afellman96@theguardian.com,4524 Doe Crossing Alley
Eduino,Crocumbe,Agender,,7871 Hintze Center
Irvine,Clifft,Genderfluid,iclifft98@spotify.com,87101 Carpenter Point
Avictor,Lambot,Non-binary,alambot99@globo.com,950 Shelley Alley
Carlye,Tours,Non-binary,ctours9a@marketwatch.com,84 Gateway Circle
Hermann,Matkin,Non-binary,hmatkin9b@spiegel.de,46 Sunfield Circle
Boyce,Nardrup,Agender,bnardrup9c@businessinsider.com,63 Raven Terrace
Gerrilee,Patifield,Female,gpatifield9d@oracle.com,25276 Bartelt Plaza
Barbee,Cuddon,Genderfluid,bcuddon9e@amazon.com,47 Eastwood Terrace
Cati,Talman,Genderfluid,ctalman9f@rediff.com,7 Everett Point
Wiatt,De Stoop,Polygender,wdestoop9g@marriott.com,87608 Shoshone Alley
Gil,Hedingham,Bigender,ghedingham9h@mit.edu,697 Talmadge Pass
Fredia,Edwins,Genderqueer,fedwins9i@usnews.com,45 Russell Drive
Matilda,Pllu,Polygender,mpllu9j@stanford.edu,0 Corben Lane
Porter,Vannini,Genderfluid,pvannini9k@independent.co.uk,37332 Glacier Hill Pass
Lilia,Eberle,Non-binary,leberle9l@altervista.org,82 Paget Court
Alia,Matthews,Genderfluid,amatthews9m@mapy.cz,72 Daystar Point
Marnie,Dibbert,Agender,mdibbert9n@sfgate.com,02 Jenifer Junction
Normie,Jelks,Male,njelks9o@blogger.com,72349 Gale Parkway
Becca,Fabb,,bfabb9p@mayoclinic.com,755 Clove Road
Reba,Jelks,Agender,rjelks9q@skype.com,901 Victoria Terrace
Berenice,Board,Male,bboard9r@flickr.com,842 Jana Way
Johan,Alloisi,Female,jalloisi9s@latimes.com,847 Monument Pass
Sabine,Churm,Bigender,schurm9t@oaic.gov.au,03 Mcbride Lane
Raddy,Thumnel,Female,rthumnel9u@fema.gov,91 Melrose Pass
Christoffer,Glasman,Female,cglasman9v@artisteer.com,
Amandie,Boom,Bigender,aboom9w@weather.com,
Wendi,Kinnoch,Male,,3089 Banding Way
Ryley,Crimin,Polygender,rcrimin9y@elpais.com,17 Upham Street
Corie,Machin,Genderqueer,cmachin9z@techcrunch.com,341 Eagan Plaza
Barb,Norcutt,Male,bnorcutta0@ning.com,0111 Fuller Place
Letisha,Toffanelli,Polygender,ltoffanellia1@wordpress.com,035 Corscot Parkway
Eudora,Keston,Male,ekestona2@meetup.com,8370 Anzinger Drive
Koo,Hargraves,Male,khargravesa3@trellian.com,
Hugibert,Tuohy,Male,htuohya4@canalblog.com,06706 Merchant Lane
Nelle,Druery,Polygender,ndruerya5@illinois.edu,00932 Arapahoe Avenue
Loraine,Brindley,Female,lbrindleya6@squarespace.com,8354 Merrick Hill
Freddy,Mastrantone,Agender,fmastrantonea7@mit.edu,
Carla,Pennazzi,Genderfluid,cpennazzia8@psu.edu,9903 Chive Trail
Karel,Baynom,Agender,kbaynoma9@uol.com.br,256 Manufacturers Way
Ardis,Rosenblum,Non-binary,arosenblumaa@hexun.com,8325 Sachs Pass
Missie,Mignot,Non-binary,mmignotab@cyberchimps.com,2 West Way
Ninetta,Pearce,Agender,npearceac@google.com.au,0243 Elka Circle
Seana,Sture,Bigender,ssturead@dmoz.org,5949 Parkside Road
Clint,Gibbe,Polygender,cgibbeae@businessinsider.com,5 John Wall Center
Adolphe,Hellen,Polygender,ahellenaf@dailymail.co.uk,39 Clarendon Trail
Fitz,Lent,Genderqueer,flentag@flavors.me,90 Welch Plaza
Adela,Harbach,Bigender,aharbachah@theatlantic.com,515 Manley Alley
Amandy,Scholfield,Genderqueer,ascholfieldai@gizmodo.com,1 South Way
Edmund,Slatten,Agender,eslattenaj@telegraph.co.uk,77458 Pawling Road
Eb,Kornes,Polygender,ekornesak@virginia.edu,599 Becker Plaza
Gabie,Jocic,Polygender,gjocical@illinois.edu,959 Sunnyside Place
Kaja,Blencoe,Non-binary,kblencoeam@sphinn.com,6990 Talmadge Alley
Pablo,Vreiberg,Non-binary,pvreibergan@prnewswire.com,4 Carberry Place
Erhard,Chesnut,Female,echesnutao@dailymail.co.uk,4 Cherokee Pass
Korrie,Manifold,Non-binary,kmanifoldap@gmpg.org,95 Badeau Drive
Junette,Coldbreath,Female,jcoldbreathaq@ebay.co.uk,94 5th Lane
Catlee,Fearnall,Male,,09 Hanover Pass
Con,Henaughan,,chenaughanas@prnewswire.com,76 Barnett Avenue
Sheelah,Mateos,Genderfluid,smateosat@arizona.edu,58 Maple Wood Court
Karole,McGeffen,Agender,kmcgeffenau@chron.com,21956 Dunning Crossing
Scarlett,Forstall,Female,sforstallav@taobao.com,1 Vahlen Crossing
Keelby,Knapp,Genderfluid,kknappaw@imdb.com,10465 Prairie Rose Park
Ingrid,Kauffman,Agender,ikauffmanax@posterous.com,6 Troy Park
Brittani,Rieger,Bigender,briegeray@hp.com,7 Warrior Alley
Cody,Ringer,Male,cringeraz@loc.gov,916 American Center
Omero,Elsey,Genderqueer,oelseyb0@google.ru,0477 Mayer Road
Chrisy,Roze,Non-binary,crozeb1@google.co.uk,11 Golf Course Street
Abigael,Canizares,Genderqueer,acanizaresb2@prnewswire.com,12 Grover Trail
Duane,Cuming,Genderqueer,dcumingb3@dailymotion.com,49 Elka Point
Saunder,Dominelli,Male,sdominellib4@hibu.com,92940 Caliangt Center
Tabby,Huish,Genderfluid,thuishb5@amazon.co.jp,37 Sunfield Avenue
Bella,Rooms,Polygender,broomsb6@oakley.com,834 Vera Hill
Augusto,Burnapp,Bigender,aburnappb7@myspace.com,00896 Center Road
Bambie,Dufer,Genderqueer,bduferb8@google.cn,
Emmett,Upcraft,Male,eupcraftb9@unesco.org,305 Lunder Road
Antonetta,Twentyman,Male,atwentymanba@noaa.gov,463 Sloan Hill
Ced,Spini,Genderqueer,cspinibb@psu.edu,4601 Goodland Alley
Timi,Burwood,Bigender,tburwoodbc@pen.io,83 Ridgeview Point
Jodee,Alldis,Genderqueer,jalldisbd@flavors.me,7 Shelley Park
Thornton,Matusiak,Genderfluid,tmatusiakbe@1688.com,4870 Fair Oaks Lane
Mar,Muzzillo,Non-binary,mmuzzillobf@theguardian.com,94677 Judy Crossing
Austine,Negri,Male,anegribg@spiegel.de,7 Bay Circle
Laurel,Greyes,Genderfluid,lgreyesbh@blogtalkradio.com,9024 Grayhawk Lane
Kennett,Halburton,Non-binary,khalburtonbi@cnet.com,697 Jenifer Pass
Hewitt,Candy,Genderqueer,hcandybj@hc360.com,9 Luster Way
Ripley,Scoggan,Female,rscogganbk@home.pl,6 Northridge Terrace
Layla,Zarfai,Non-binary,lzarfaibl@hugedomains.com,
My,Kolak,Bigender,mkolakbm@buzzfeed.com,91934 Elka Lane
Floris,MacTeague,Genderqueer,fmacteaguebn@arstechnica.com,7216 Dapin Center
Claudette,Haslock,Female,chaslockbo@lulu.com,89116 Randy Terrace
Hamlen,Raleston,Non-binary,hralestonbp@berkeley.edu,9652 Monica Park
Harrison,Berceros,Female,hbercerosbq@blog.com,33 Prentice Way
Maisey,Aymerich,Non-binary,maymerichbr@multiply.com,316 Forest Dale Hill
Kerry,Cream,Genderqueer,kcreambs@home.pl,182 Armistice Pass
Duke,Ludford,Male,dludfordbt@arizona.edu,0 Calypso Crossing
Bili,Kunkel,Agender,bkunkelbu@merriam-webster.com,41 Scott Place
Howard,McGragh,Genderqueer,hmcgraghbv@sfgate.com,55 Pankratz Circle
Alidia,Bust,Genderqueer,abustbw@so-net.ne.jp,8031 Nancy Parkway
Worthy,Penright,Non-binary,wpenrightbx@cafepress.com,967 Springs Hill
Addy,Bellino,Bigender,abellinoby@dot.gov,605 Esker Way
Ricky,Dumbleton,Male,rdumbletonbz@photobucket.com,9154 Hermina Street
Ranique,Karolowski,Female,rkarolowskic0@ted.com,94499 Armistice Court
Cynthy,Peddel,Genderfluid,cpeddelc1@latimes.com,88206 Main Parkway
Leisha,Spirritt,Female,lspirrittc2@tamu.edu,4162 Talmadge Drive
Orelee,Winspear,Genderfluid,owinspearc3@pcworld.com,2 Elmside Parkway
Amalita,Critchard,Female,acritchardc4@php.net,67320 Prairieview Crossing
Rivy,Lusher,Bigender,rlusherc5@networksolutions.com,23119 Golf View Road
Beaufort,Blackburn,Polygender,bblackburnc6@aol.com,667 Southridge Street
Shelley,McReath,Bigender,smcreathc7@reference.com,600 Lillian Hill
Paulina,Willmetts,Agender,pwillmettsc8@aol.com,861 Wayridge Park
Ines,Limerick,Agender,ilimerickc9@bloglovin.com,7 Village Green Park
Zelma,Bolingbroke,Non-binary,zbolingbrokeca@whitehouse.gov,91466 Holy Cross Court
Nicki,Garlant,Polygender,ngarlantcb@360.cn,689 2nd Park
Kala,Reith,Non-binary,kreithcc@independent.co.uk,49068 Colorado Court
Tuesday,Welbrock,Genderqueer,twelbrockcd@harvard.edu,48 Banding Court
Lana,Sambrok,Non-binary,lsambrokce@yolasite.com,462 Glendale Road
Antonio,Rebillard,Bigender,arebillardcf@ebay.co.uk,28 Goodland Lane
Cyrill,Elwell,Genderqueer,celwellcg@yellowpages.com,613 Morning Drive
Enrico,Scrinage,Genderfluid,escrinagech@tinyurl.com,946 Blaine Circle
Alyss,Durrell,Agender,adurrellci@redcross.org,100 Mandrake Park
Baryram,McMichell,Male,bmcmichellcj@aboutads.info,8 Green Ridge Plaza
Marthe,Smolan,Bigender,msmolanck@purevolume.com,56160 Prairieview Point
Belle,Scheffel,Genderqueer,bscheffelcl@bizjournals.com,31 Homewood Drive
Alana,Thorsen,Male,athorsencm@cam.ac.uk,95 Sugar Center
Haydon,Choupin,Agender,hchoupincn@nsw.gov.au,8 Dexter Lane
Stormie,Christin,Polygender,schristinco@odnoklassniki.ru,68 Kinsman Road
Agosto,Tasseler,Polygender,atasselercp@canalblog.com,638 Declaration Alley
Dominga,Ryle,Agender,drylecq@php.net,49 Towne Park
Noby,Coles,Bigender,ncolescr@amazon.co.jp,23 Talmadge Pass
Lani,Bertin,Bigender,lbertincs@boston.com,7361 Continental Park
Esmaria,Buterton,Genderfluid,ebutertonct@gnu.org,913 Milwaukee Terrace
Audy,Tobin,Genderqueer,atobincu@sbwire.com,5 Moulton Circle
Rici,Shorie,Female,rshoriecv@mit.edu,12323 Heffernan Avenue
Valeda,Eastop,Non-binary,veastopcw@noaa.gov,69841 Oak Hill
Wright,Nurse,Genderqueer,wnursecx@fotki.com,75 Florence Court
Alane,Woan,Female,awoancy@pcworld.com,92 Acker Circle
Jermain,Gennings,Bigender,jgenningscz@gov.uk,67415 Elmside Pass
Corby,Leuty,Polygender,,86 Reinke Court
Gayle,Casari,Non-binary,gcasarid1@prweb.com,01137 Loeprich Court
Darcy,Dameisele,Bigender,ddameiseled2@phoca.cz,4523 New Castle Plaza
Wendall,Bellwood,Genderfluid,wbellwoodd3@cocolog-nifty.com,7 Jana Way
Brock,Bus,Non-binary,,37524 Kenwood Terrace
Pascal,Bridgeland,Male,pbridgelandd5@ihg.com,315 Kings Avenue
Broddy,Snalom,Non-binary,bsnalomd6@statcounter.com,48790 Jana Place
Brianne,Graveson,Polygender,bgravesond7@exblog.jp,89627 Fisk Pass
Cristal,Di Biasio,Bigender,cdibiasiod8@theglobeandmail.com,780 Glendale Trail
Kelsey,Kasparski,Non-binary,kkasparskid9@mediafire.com,27673 David Court
Tana,Zmitrovich,Genderfluid,tzmitrovichda@g.co,58916 Eastlawn Trail
Kalila,Physic,Genderqueer,kphysicdb@howstuffworks.com,1 Scott Alley
Christan,Minall,Agender,cminalldc@dailymail.co.uk,86 7th Avenue
Priscella,Nisard,Genderfluid,pnisarddd@pinterest.com,6368 6th Road
Boniface,Shiel,Genderfluid,bshielde@google.com.hk,43 Cody Crossing
Sara,Whetnell,Polygender,swhetnelldf@miitbeian.gov.cn,4900 Green Lane
Ainslie,McKenzie,Polygender,amckenziedg@un.org,431 Norway Maple Hill
Eartha,Hunting,Polygender,ehuntingdh@cargocollective.com,729 Loeprich Hill
Orren,Solan,Polygender,osolandi@printfriendly.com,276 Crownhardt Alley
Hedi,Arnald,Genderqueer,harnalddj@columbia.edu,731 Manitowish Lane
Ab,Pennycook,Female,apennycookdk@omniture.com,69790 Farmco Terrace
Winny,Enderlein,Female,wenderleindl@springer.com,7448 Havey Street
Clarita,Newe,Agender,cnewedm@google.co.jp,19246 School Parkway
Jasper,Tuckwell,Genderqueer,jtuckwelldn@smugmug.com,3184 Ludington Way
Monti,Buckby,Non-binary,mbuckbydo@soup.io,
Toddy,Malcher,Female,tmalcherdp@census.gov,
Merrile,McGrah,Bigender,mmcgrahdq@moonfruit.com,3 Rusk Court
Terri-jo,Vango,Bigender,tvangodr@engadget.com,94 Kedzie Plaza
Mac,Zucker,Genderqueer,mzuckerds@is.gd,604 Hanson Terrace
Kennedy,Bourdas,Agender,kbourdasdt@webmd.com,99 Bultman Way
Ronnie,Floyde,Bigender,rfloydedu@cmu.edu,16 Anhalt Center
Mair,Cullity,Genderqueer,mcullitydv@ameblo.jp,576 Lien Way
Casi,Leinster,Agender,cleinsterdw@goo.ne.jp,0 Wayridge Plaza
Chet,Rubinowitz,Genderfluid,crubinowitzdx@sciencedaily.com,494 Mariners Cove Hill
Deloris,Gatchel,Genderfluid,dgatcheldy@yolasite.com,2 Kipling Junction
Rivalee,Sommerscales,Female,rsommerscalesdz@accuweather.com,4541 Schlimgen Plaza
Carolus,Blackster,Genderfluid,cblackstere0@tripod.com,58058 Pine View Park
Hillard,Dumper,Genderfluid,hdumpere1@dagondesign.com,186 Eliot Road
Lizzy,Harborow,Female,lharborowe2@1und1.de,99126 Morrow Plaza
Rosemary,Tatam,Genderqueer,rtatame3@sitemeter.com,8 Brentwood Center
Vladamir,Pane,Genderqueer,vpanee4@ox.ac.uk,
Dave,Devo,Bigender,,074 Northport Crossing
Ker,Penn,Polygender,kpenne6@acquirethisname.com,
Joe,Philipsohn,Male,jphilipsohne7@twitter.com,105 Sundown Parkway
Gaylord,Budden,Polygender,gbuddene8@photobucket.com,127 Dakota Pass
Marietta,Burchell,Male,mburchelle9@scribd.com,2092 Crownhardt Terrace
Ezequiel,Elderton,Non-binary,eeldertonea@cnn.com,7 Veith Avenue
Benoite,Aldin,Non-binary,baldineb@sourceforge.net,42478 Granby Court
Tiphanie,Imlach,Agender,timlachec@boston.com,153 Heath Plaza
Garrick,Robjant,Female,grobjanted@youtube.com,059 Cherokee Street
Yvor,Enrdigo,Bigender,yenrdigoee@businesswire.com,463 Kings Way
Flory,Makepeace,Genderqueer,fmakepeaceef@google.pl,625 Laurel Pass
Jeremy,Barmby,Genderqueer,jbarmbyeg@soundcloud.com,45694 Chinook Center
Aleksandr,Borrott,Genderqueer,aborrotteh@facebook.com,458 Sullivan Drive
Bernhard,O'Lenane,Male,bolenaneei@loc.gov,02 Crest Line Center
Gerrie,Sleightholm,Male,gsleightholmej@barnesandnoble.com,0503 Gale Lane
Franciskus,Wall,Polygender,fwallek@nhs.uk,98 Mifflin Drive
Lucine,Eisikovitsh,Bigender,leisikovitshel@live.com,9437 Village Green Terrace
Dulci,Tallman,Agender,dtallmanem@icio.us,17144 Towne Pass
Ailee,Soares,Agender,asoaresen@flavors.me,82 Stoughton Avenue
Ilaire,Bruffell,Bigender,ibruffelleo@lycos.com,4812 Lillian Terrace
Annis,Iggo,Genderqueer,aiggoep@bluehost.com,23229 Atwood Park
Marge,Pennazzi,Bigender,mpennazzieq@usa.gov,39 Village Crossing
Lorianne,Piquard,Genderqueer,lpiquarder@canalblog.com,
Zedekiah,Hendrick,Genderqueer,zhendrickes@ning.com,644 Morrow Circle
Bret,Stuehmeier,Male,bstuehmeieret@upenn.edu,384 Laurel Plaza
Jessie,Worssam,Polygender,jworssameu@google.co.jp,10 Oneill Park
Joelle,Deporte,Genderfluid,jdeporteev@nbcnews.com,3 Utah Pass
Mattie,Grabham,Agender,mgrabhamew@statcounter.com,957 Ramsey Avenue
Loraine,Layhe,Genderqueer,,0263 Logan Drive
Hartwell,Onraet,Female,honraetey@merriam-webster.com,81 Clarendon Plaza
Kasey,Domegan,Genderqueer,kdomeganez@toplist.cz,6790 Sunbrook Street
Margit,Bordiss,Bigender,mbordissf0@slate.com,28683 Colorado Terrace
Benjamen,Meron,Agender,bmeronf1@nature.com,6455 Park Meadow Place
Ferdy,Fookes,Genderfluid,ffookesf2@ca.gov,19138 Lake View Pass
Kare,Lafay,Male,klafayf3@unc.edu,01 Lien Place
Aurore,Dimberline,Non-binary,adimberlinef4@amazon.co.uk,758 Esch Court
Prissie,Garrattley,Bigender,pgarrattleyf5@berkeley.edu,058 Miller Center
Vevay,Nutt,Female,vnuttf6@amazon.co.uk,3050 Derek Street
Carrie,Ebi,Male,cebif7@php.net,26666 Redwing Terrace
Meta,Marians,Agender,mmariansf8@ihg.com,5 Farragut Street
Aluin,Maudsley,Polygender,amaudsleyf9@cdc.gov,228 Graceland Center
Avis,Wilprecht,Male,,27 Nobel Point
Roxy,O'Gaven,Genderqueer,rogavenfb@uiuc.edu,791 Garrison Drive
Ruthe,Matterson,Genderfluid,rmattersonfc@feedburner.com,9 Rusk Alley
Aharon,Spooner,Genderqueer,aspoonerfd@businessweek.com,35435 Sundown Center
Solomon,Camden,,scamdenfe@timesonline.co.uk,21 Coleman Alley
Delilah,Skelhorn,Polygender,dskelhornff@geocities.jp,6 Kipling Street
Anneliese,Haydn,Bigender,ahaydnfg@webnode.com,0535 Gina Crossing
Edi,Eyckelbeck,Genderqueer,eeyckelbeckfh@mapy.cz,32 Blue Bill Park Road
Cello,Winchurch,Bigender,cwinchurchfi@mapquest.com,19 Springview Alley
Albertine,Stebbings,Bigender,astebbingsfj@naver.com,0 Shopko Terrace
Blondie,O'Curran,Male,bocurranfk@squidoo.com,28033 Blackbird Junction
Jaye,Sisse,Female,jsissefl@skyrock.com,4864 Bobwhite Court
Maye,Atack,Bigender,matackfm@live.com,31 Chive Point
Orville,MacKain,Male,omackainfn@cdc.gov,9659 Northland Point
Barry,Mollon,Non-binary,bmollonfo@sogou.com,4 Monument Hill
Celka,Weth,Non-binary,,9 Bunker Hill Parkway
Neron,Cawcutt,Male,ncawcuttfq@nhs.uk,11928 Sachs Avenue
Godwin,Caudrelier,Female,gcaudrelierfr@biblegateway.com,02 Dixon Pass
Wiatt,Toye,Genderqueer,wtoyefs@liveinternet.ru,47 Chinook Crossing
Leland,Haythorne,Polygender,lhaythorneft@constantcontact.com,8156 Walton Terrace
Ab,Trusler,Polygender,atruslerfu@weather.com,221 Eagle Crest Plaza
Berke,Zellick,Polygender,bzellickfv@foxnews.com,7 Bunker Hill Crossing
Page,Coatsworth,Male,pcoatsworthfw@google.fr,783 Ramsey Pass
Jesse,Ketteridge,Genderfluid,jketteridgefx@dailymail.co.uk,23614 Butternut Drive
Lucian,Lambourne,Genderfluid,llambournefy@instagram.com,7 Canary Junction
Prissie,Sutcliff,Male,psutclifffz@prnewswire.com,815 Arapahoe Drive
Rodolphe,Screech,Male,rscreechg0@unblog.fr,70 Eagan Alley
Mariejeanne,Tasker,Genderfluid,mtaskerg1@walmart.com,5617 Emmet Road
Odetta,Ciccotti,Non-binary,ociccottig2@nhs.uk,51 Portage Avenue
Davine,Ribey,Female,dribeyg3@quantcast.com,877 Sauthoff Lane
Rheba,Petzolt,Polygender,rpetzoltg4@dagondesign.com,
Rosalind,Inker,Bigender,rinkerg5@ning.com,88395 Graceland Plaza
Maye,Kleyn,Genderqueer,mkleyng6@google.fr,2 Chinook Street
Bab,Sandwith,Bigender,bsandwithg7@yahoo.com,3 Straubel Place
Ulberto,Belfitt,Non-binary,ubelfittg8@ted.com,545 Eagan Court
Wade,Scolts,Genderqueer,wscoltsg9@usda.gov,4943 Ohio Trail
Dame,Jermy,Agender,djermyga@simplemachines.org,0174 Bunting Crossing
Karon,Caunce,Polygender,kcauncegb@usnews.com,0 Mandrake Alley
Theressa,Gellier,Genderfluid,tgelliergc@simplemachines.org,72696 Mccormick Junction
Basil,Beardow,Bigender,bbeardowgd@paypal.com,515 Heffernan Lane
Karita,Oguz,Female,koguzge@nytimes.com,074 Cambridge Drive
Paulie,Kestian,Male,pkestiangf@jigsy.com,4020 Red Cloud Alley
Ches,Shipley,Non-binary,cshipleygg@nhs.uk,23 Claremont Pass
Colene,Allison,Genderqueer,callisongh@globo.com,6127 Vahlen Pass
Wernher,Harold,Agender,wharoldgi@parallels.com,99847 Starling Hill
Zonda,O'Sheilds,Genderqueer,zosheildsgj@accuweather.com,7 Pepper Wood Avenue
Claire,Casbolt,Non-binary,ccasboltgk@opera.com,3 Cottonwood Street
Meredeth,Gotthard.sf,Polygender,mgotthardsfgl@freewebs.com,30 Veith Road
Vinni,Cersey,Female,,82731 Merrick Circle
King,Enrich,Male,kenrichgn@netlog.com,75 Debra Alley
Bartholemy,Fernyhough,Female,bfernyhoughgo@vimeo.com,1486 Macpherson Drive
Grace,Maneylaws,Polygender,gmaneylawsgp@soundcloud.com,156 Beilfuss Park
Jermaine,Driffill,Polygender,jdriffillgq@msn.com,86631 Lawn Court
Rhona,Linzey,Male,rlinzeygr@mit.edu,447 Miller Point
Lazare,Wharf,Polygender,lwharfgs@histats.com,506 Spenser Drive
Ward,Winterton,Polygender,wwintertongt@jalbum.net,7 Elka Lane
Janet,Kimmings,Genderqueer,jkimmingsgu@sakura.ne.jp,4123 Kings Avenue
Genny,Ankrett,Male,gankrettgv@gravatar.com,1 Longview Street
Rebeka,Andrioletti,Non-binary,randriolettigw@geocities.jp,3259 Novick Hill
Noel,Baldocci,Genderfluid,nbaldoccigx@behance.net,14 Hollow Ridge Pass
Jamaal,Donovan,Male,jdonovangy@va.gov,38503 Esker Plaza
Tobey,MacCorkell,Polygender,tmaccorkellgz@t.co,5 Ridgeview Avenue
Gabrila,Triplet,Polygender,gtripleth0@pbs.org,1 Hollow Ridge Hill
Karlik,Dennert,Male,kdennerth1@sourceforge.net,08 Anhalt Circle
Barbara-anne,Dingivan,Female,bdingivanh2@ft.com,19329 Menomonie Alley
Harlene,Wyeld,Genderfluid,hwyeldh3@sfgate.com,9 Lawn Terrace
Alexandros,Stemp,Male,astemph4@1688.com,1 Ruskin Road
Donni,Caraher,Agender,dcaraherh5@hc360.com,69024 Ludington Lane
Heriberto,Cassey,Non-binary,hcasseyh6@sourceforge.net,29 Quincy Way
Alden,Kewzick,Non-binary,akewzickh7@i2i.jp,46 Pawling Pass
Gary,Muslim,Female,gmuslimh8@time.com,363 Lunder Crossing
Rockey,Boucher,Genderqueer,rboucherh9@booking.com,2 Pankratz Lane
Adan,Grinishin,Male,agrinishinha@howstuffworks.com,138 Northwestern Parkway
Wilden,Newarte,Polygender,wnewartehb@dedecms.com,23 Morrow Way
Staffard,De Bernardis,Male,sdebernardishc@businessinsider.com,04311 Columbus Terrace
Quinn,Grouer,Male,qgrouerhd@zdnet.com,7651 Corben Junction
Bernadine,Kneaphsey,Polygender,bkneaphseyhe@bbb.org,8 Stoughton Court
Colby,Shipperbottom,Non-binary,cshipperbottomhf@washingtonpost.com,23 Aberg Terrace
Cornie,Tregido,Bigender,ctregidohg@mozilla.com,1 Hermina Junction
Dietrich,Bartul,Male,dbartulhh@blinklist.com,85 Michigan Place
Olga,Lighton,Genderfluid,olightonhi@google.cn,2699 Carey Trail
Nanine,Tremlett,Polygender,ntremletthj@apple.com,0 Pleasure Hill
Kay,Goodfellowe,Polygender,kgoodfellowehk@etsy.com,5 Jackson Trail
Eleonore,Edis,Agender,eedishl@java.com,3086 Sommers Drive
Gerome,Wyd,Female,gwydhm@lycos.com,53246 Upham Park
Cordey,Verrier,Agender,,1 Helena Road
Armstrong,Garfitt,Male,agarfittho@fotki.com,88 Grayhawk Plaza
Gale,Dyte,,gdytehp@merriam-webster.com,80 Crownhardt Circle
Irvine,Edgcumbe,Agender,iedgcumbehq@xrea.com,898 Hovde Alley
Broderic,Schurig,,bschurighr@tiny.cc,87552 Farmco Lane
Claudius,Tilne,Male,,95977 Gale Place
Taryn,Pyott,Genderfluid,tpyottht@columbia.edu,42958 Buena Vista Way
Correna,McMechan,Non-binary,cmcmechanhu@about.com,
Christie,Clamp,Bigender,cclamphv@rediff.com,16489 Brentwood Street
Garrot,Abramin,Male,gabraminhw@intel.com,3 Schurz Avenue
Joletta,Huffey,Agender,jhuffeyhx@seesaa.net,6 Straubel Plaza
Whitman,Paulot,Non-binary,wpaulothy@digg.com,2 International Parkway
Aloysius,Liquorish,Genderqueer,aliquorishhz@upenn.edu,3 Westend Plaza
Dorelle,Waghorne,Agender,dwaghornei0@apache.org,67143 Kings Alley
Claudina,Tabourel,Agender,ctaboureli1@fastcompany.com,177 Stephen Trail
Rinaldo,Huetson,,rhuetsoni2@friendfeed.com,32 Lillian Street
Estele,Benedito,Female,ebeneditoi3@lulu.com,5 Doe Crossing Alley
Brynn,Shakesbye,Genderqueer,bshakesbyei4@nyu.edu,6 Coolidge Road
Gene,Kellard,Bigender,gkellardi5@redcross.org,
Adore,Spooner,Polygender,aspooneri6@barnesandnoble.com,01 Gale Junction
Dulcine,D'Alesco,Genderfluid,ddalescoi7@blogs.com,8 Service Parkway
Tatiana,Bodle,Agender,tbodlei8@issuu.com,8384 Sunfield Circle
Kinna,Lilburn,Genderfluid,klilburni9@discovery.com,3265 Melby Drive
Ethel,Steart,Male,esteartia@sohu.com,1047 Village Green Parkway
Elyssa,Anstiss,Male,eanstissib@bandcamp.com,094 Montana Point
Esta,Commings,Female,ecommingsic@barnesandnoble.com,1 Weeping Birch Point
Pepe,Foxen,Female,pfoxenid@miibeian.gov.cn,29 Trailsway Road
Sholom,Mamwell,Bigender,smamwellie@reddit.com,0282 Truax Lane
Rhys,Kira,Female,rkiraif@yahoo.co.jp,68 Morning Drive
Ciel,Sodo,Agender,csodoig@a8.net,28332 5th Parkway
Harman,Castletine,,hcastletineih@taobao.com,
Chrissie,Vedenichev,Genderfluid,cvedenichevii@ustream.tv,62450 Dovetail Circle
Lissie,Chittenden,Male,lchittendenij@chron.com,0 Scofield Court
Elmo,Nani,Male,enaniik@linkedin.com,3228 Carey Terrace
Odessa,Edmondson,Male,oedmondsonil@vk.com,0177 Eastwood Trail
Gerhardine,Wadman,Agender,gwadmanim@rakuten.co.jp,72470 Dryden Lane
Rice,Giamuzzo,Polygender,rgiamuzzoin@yellowpages.com,2449 Calypso Center
Melina,Maasz,Genderfluid,mmaaszio@nsw.gov.au,852 Esch Place
Jennine,Fenner,Non-binary,jfennerip@arstechnica.com,6 Utah Park
Shawn,Bromont,Female,sbromontiq@prlog.org,92821 Riverside Hill
Cara,Champniss,Bigender,cchampnissir@gnu.org,0959 Kingsford Center
Nanette,Lindborg,Polygender,nlindborgis@state.tx.us,83 Sugar Point
Alis,Kings,Non-binary,akingsit@arstechnica.com,39137 Charing Cross Drive
Fallon,Gentner,Male,fgentneriu@vinaora.com,12 Bultman Lane
Gratia,Ibotson,Non-binary,gibotsoniv@washingtonpost.com,21364 Del Sol Alley
Charlie,Von Brook,Non-binary,cvonbrookiw@altervista.org,6636 Esker Court
Yorke,Brandsen,Female,ybrandsenix@archive.org,72 Maryland Center
Harald,McGrotty,Male,hmcgrottyiy@paginegialle.it,8 Forest Dale Circle
Tiffanie,Gebhardt,Genderqueer,tgebhardtiz@blinklist.com,4 Arizona Parkway
Cynthy,Rudolfer,Female,crudolferj0@arstechnica.com,2745 Ridgeview Pass
Arielle,Bartoloma,Genderqueer,abartolomaj1@networksolutions.com,79527 Reinke Junction
Cati,Boase,Male,cboasej2@umich.edu,50484 Dawn Court
Mortimer,Wandrich,Male,mwandrichj3@geocities.jp,4 Bay Alley
Davy,Hallitt,Male,dhallittj4@mysql.com,16036 Jenna Parkway
Xylina,Gracey,Agender,xgraceyj5@cnet.com,443 Caliangt Avenue
Ambrosi,Duligal,Genderqueer,aduligalj6@flavors.me,1 Cherokee Lane
Kristy,Athelstan,Female,kathelstanj7@quantcast.com,23 Claremont Park
Abbe,Durbann,Bigender,adurbannj8@exblog.jp,30 Blaine Crossing
Cherin,Trippett,Male,ctrippettj9@cdc.gov,78113 Charing Cross Park
Esther,Roback,Bigender,erobackja@bing.com,372 Pepper Wood Road
Brina,Disley,Agender,bdisleyjb@census.gov,1 Meadow Vale Place
Sallee,Lyvon,Genderqueer,slyvonjc@phpbb.com,20 Onsgard Park
Sampson,Ackery,Polygender,sackeryjd@t-online.de,378 Darwin Place
Kris,Huot,Genderfluid,khuotje@joomla.org,92939 Derek Center
Eduino,Lawday,Male,elawdayjf@narod.ru,65683 South Junction
Henrieta,Hamberston,Non-binary,,265 Montana Court
Garey,Sowrey,Non-binary,gsowreyjh@quantcast.com,634 Pankratz Point
Delmore,Jakubowicz,Female,djakubowiczji@howstuffworks.com,4436 Coolidge Pass
Anestassia,Fenton,Bigender,afentonjj@wisc.edu,3601 Ramsey Point
Cathy,Beamiss,Agender,cbeamissjk@icq.com,5 Coleman Alley
Akim,Janicijevic,,ajanicijevicjl@pcworld.com,31833 Twin Pines Center
Margette,Kneel,Non-binary,mkneeljm@ucoz.ru,50437 Meadow Vale Road
Umberto,Grime,Genderqueer,ugrimejn@omniture.com,59 Vermont Park
Marylin,Burley,Bigender,mburleyjo@scientificamerican.com,63 Brentwood Drive
Idette,De Antoni,Non-binary,ideantonijp@topsy.com,9 Hudson Parkway
Linette,Jopp,Agender,ljoppjq@about.me,136 Bowman Junction
Bethanne,O' Ronan,Male,boronanjr@nsw.gov.au,13 Barby Hill
Nickolaus,Maudsley,Genderqueer,nmaudsleyjs@abc.net.au,39 Kipling Center
Brit,Prynne,Bigender,bprynnejt@trellian.com,0 Bowman Plaza
Rhiamon,Minihan,Genderqueer,rminihanju@hc360.com,74889 7th Terrace
Luise,Gorst,Polygender,lgorstjv@webs.com,0 Corscot Road
Laina,Lear,Non-binary,llearjw@nature.com,1 Vermont Crossing
Elden,O'Grady,Female,,1 Mariners Cove Avenue
Griffie,Sweetland,Genderfluid,gsweetlandjy@bravesites.com,14395 Derek Lane
Dacey,Jacklings,Bigender,djacklingsjz@friendfeed.com,64 Waxwing Terrace
Henri,Shepcutt,Male,hshepcuttk0@i2i.jp,7868 South Street
Justis,Isakovitch,Bigender,jisakovitchk1@blogger.com,7810 Thackeray Way
Katusha,MacGowan,Agender,kmacgowank2@mac.com,4081 Starling Crossing
Manolo,Whithorn,Male,mwhithornk3@nymag.com,9 Walton Circle
Tess,Balsellie,Bigender,tbalselliek4@godaddy.com,0869 Forest Way
Moselle,Barlthrop,Non-binary,mbarlthropk5@nydailynews.com,6745 Meadow Valley Crossing
Ines,Emig,Bigender,iemigk6@naver.com,734 Prairieview Street
Yule,Albrecht,Polygender,yalbrechtk7@comcast.net,94703 New Castle Point
Orville,Orviss,Bigender,oorvissk8@wordpress.com,031 Lerdahl Alley
Mignonne,Wilsone,Genderqueer,mwilsonek9@purevolume.com,956 Sauthoff Lane
Leah,Blanque,Male,lblanqueka@icio.us,9 Havey Parkway
Mel,Loche,Female,mlochekb@homestead.com,2138 Ridgeview Alley
Burt,Soal,Agender,bsoalkc@yolasite.com,80734 Schiller Crossing
Kayla,Hilldrup,Male,khilldrupkd@angelfire.com,938 Melrose Hill
Melloney,McAlpine,,mmcalpineke@360.cn,4 Blaine Lane
Nikoletta,Niese,Agender,nniesekf@apple.com,6 Anzinger Alley
Birdie,Rich,Agender,brichkg@multiply.com,815 Westend Circle
Denyse,Ghelardi,Non-binary,dghelardikh@booking.com,09 Lawn Parkway
Ives,Jermyn,Female,ijermynki@google.pl,68780 Dottie Crossing
Sandro,Staries,Female,sstarieskj@last.fm,9 Sheridan Alley
Ronalda,Remmer,Bigender,,33 Kings Terrace
Shane,Whissell,Bigender,swhissellkl@nydailynews.com,4 Corry Trail
Florencia,Lots,Genderfluid,flotskm@cyberchimps.com,815 High Crossing Plaza
Marita,Vasic,Non-binary,mvasickn@oaic.gov.au,3 Annamark Hill
Sarge,Brinded,Genderfluid,sbrindedko@uiuc.edu,
Thomasina,Seemmonds,Non-binary,tseemmondskp@bluehost.com,0 Burning Wood Point
Lewes,Narramore,Genderfluid,lnarramorekq@wix.com,670 Fordem Alley
Ricki,Addison,Genderqueer,raddisonkr@themeforest.net,7 Old Gate Alley
Paco,Franzel,Bigender,pfranzelks@smh.com.au,85676 Dexter Terrace
Tracey,Skea,Genderqueer,tskeakt@google.es,4 Roxbury Park
Cloe,Byer,Male,cbyerku@cbc.ca,5258 Rowland Drive
Leigh,Hubback,Non-binary,lhubbackkv@paypal.com,5125 Morningstar Junction
Dian,Kirman,Bigender,dkirmankw@reference.com,95 Sundown Center
Charis,Garnham,Polygender,cgarnhamkx@tumblr.com,419 Meadow Valley Plaza
Tobi,Zwicker,Male,tzwickerky@cpanel.net,3098 Kropf Avenue
Haven,McGaugan,Agender,hmcgaugankz@nature.com,84 Shopko Way
Giovanna,Trevain,Genderfluid,gtrevainl0@wisc.edu,7626 Del Sol Alley
Felita,Lamasna,Polygender,flamasnal1@is.gd,9898 Florence Park
Theadora,Iglesias,Genderqueer,tiglesiasl2@nymag.com,1 Talisman Terrace
Franky,Hatherleigh,Male,fhatherleighl3@pagesperso-orange.fr,01278 Morrow Place
Lonna,Talman,Male,ltalmanl4@kickstarter.com,
Johnette,Glanton,Non-binary,jglantonl5@squarespace.com,1290 Gale Road
Kalvin,Kille,Genderfluid,kkillel6@adobe.com,2516 Buena Vista Avenue
Ursula,Keyser,Female,ukeyserl7@uol.com.br,
Becky,De La Haye,Bigender,bdelahayel8@github.com,4467 Fieldstone Point
Igor,Ingles,Male,,5 Muir Avenue
Lenka,Onians,Genderqueer,loniansla@desdev.cn,63 Stone Corner Hill
Darius,Hatter,Polygender,dhatterlb@quantcast.com,8297 Village Green Terrace
Cherri,Halpen,Polygender,chalpenlc@oracle.com,97511 Troy Point
Janice,Berzons,Polygender,jberzonsld@baidu.com,813 Ridge Oak Trail
Marget,Furney,Bigender,mfurneyle@stumbleupon.com,2456 Maple Plaza
Myra,Brody,Genderfluid,mbrodylf@mlb.com,37220 Pleasure Drive
Andreas,MacDunlevy,Non-binary,amacdunlevylg@google.com.hk,006 Talisman Terrace
Wolfgang,Sommerfeld,Genderqueer,wsommerfeldlh@yahoo.co.jp,376 Welch Circle
Ulberto,Gain,Polygender,ugainli@state.gov,5921 Messerschmidt Junction
Tedie,Hlavecek,Genderfluid,thlaveceklj@msn.com,51 Farragut Plaza
Danya,Pinks,Genderfluid,dpinkslk@naver.com,68977 Pierstorff Street
Etta,Antognoni,Genderfluid,eantognonill@scribd.com,6 Miller Way
Fancie,Gilroy,Bigender,fgilroylm@ftc.gov,60376 Golf Course Way
Fianna,Horley,Genderqueer,fhorleyln@qq.com,
Dulsea,Hiers,Non-binary,dhierslo@sina.com.cn,7 Roth Pass
Morie,Laraway,Polygender,mlarawaylp@csmonitor.com,3 Maryland Pass
Sarita,Edmons,Genderfluid,sedmonslq@yolasite.com,3004 Lakewood Crossing
Tessy,Van der Brugge,Genderfluid,tvanderbruggelr@ed.gov,2 Hooker Parkway
Misty,Donhardt,Female,mdonhardtls@bloglines.com,1 Algoma Crossing
Ruthi,Willshire,Agender,rwillshirelt@bbc.co.uk,18197 Muir Center
Nonie,Housego,Bigender,nhousegolu@webeden.co.uk,41901 Hooker Plaza
Bertie,Iianon,Genderqueer,biianonlv@naver.com,1 Macpherson Lane
Brianna,Avey,Agender,baveylw@ycombinator.com,812 Reinke Avenue
Lorrayne,Fosbraey,Bigender,lfosbraeylx@google.co.uk,05 Tony Street
Ripley,Kleszinski,Female,,98726 Valley Edge Point
Micheil,Venart,Bigender,mvenartlz@amazonaws.com,6 Holmberg Circle
Sonya,Kierans,Male,skieransm0@360.cn,92 Goodland Way
Albert,Jelly,Polygender,ajellym1@nytimes.com,90 Ilene Junction
Davine,Jennaway,Non-binary,djennawaym2@etsy.com,0 Elka Parkway
Zahara,Leathlay,Female,,49 Petterle Plaza
Sheree,Mc Caughan,Polygender,smccaughanm4@privacy.gov.au,22 Caliangt Alley
Christie,Greatbach,Bigender,cgreatbachm5@github.com,10 Gerald Park
Merrick,O'Corrane,Genderfluid,mocorranem6@e-recht24.de,0999 Upham Hill
Ida,Dymidowski,Genderfluid,idymidowskim7@dailymotion.com,3903 Harper Place
Anders,Pervoe,Genderfluid,apervoem8@goodreads.com,4 Maple Wood Lane
Karolina,O'Flannery,Female,koflannerym9@behance.net,91 Mitchell Place
Tova,MacTeggart,Genderqueer,tmacteggartma@moonfruit.com,29 Blaine Park
Gwynne,Alsobrook,Genderqueer,galsobrookmb@t-online.de,75 Mayfield Drive
Inglis,McCobb,Polygender,imccobbmc@trellian.com,40601 Sunbrook Point
Clark,Ring,Female,cringmd@merriam-webster.com,0992 Northfield Plaza
Koo,Scotting,Male,kscottingme@hexun.com,7923 John Wall Alley
Tymon,Narey,Genderfluid,tnareymf@ovh.net,57065 Dryden Park
Sebastian,Craney,Male,scraneymg@dot.gov,24 5th Terrace
Appolonia,Trobey,Genderfluid,atrobeymh@w3.org,255 Thierer Hill
Barbara,Medling,Male,bmedlingmi@cyberchimps.com,4181 Sauthoff Center
Carlen,Shambrooke,Genderfluid,cshambrookemj@technorati.com,1 Butternut Place
Reilly,Ellens,Polygender,rellensmk@friendfeed.com,601 Warner Trail
Bartolemo,Dykas,Agender,bdykasml@bigcartel.com,9106 Golf Center
Estella,Meatcher,Polygender,emeatchermm@surveymonkey.com,3 Buena Vista Alley
Cletis,McLoney,Genderfluid,cmcloneymn@go.com,544 Mandrake Way
Iver,Jellicorse,Agender,ijellicorsemo@skyrock.com,93 Glacier Hill Point
Lay,Storr,Polygender,,9783 Del Sol Circle
Barb,Lifsey,Bigender,blifseymq@apple.com,9 Bunker Hill Road
Jessi,Stiger,Genderfluid,jstigermr@wikispaces.com,72 Fairview Place
Belinda,Ketley,Male,bketleyms@github.com,
Giulia,Tolemache,Male,gtolemachemt@diigo.com,237 Fuller Way
Nissa,Clemo,Non-binary,nclemomu@t.co,4 Grim Point
Harlene,Stormouth,Polygender,hstormouthmv@exblog.jp,58 Moland Street
Alicea,Dowthwaite,Female,adowthwaitemw@usda.gov,251 Dunning Circle
Amandy,Stainton - Skinn,Polygender,astaintonskinnmx@patch.com,5457 Memorial Place
Robbie,Haggata,Genderfluid,rhaggatamy@yandex.ru,477 Hovde Place
Leslie,Manchester,Genderqueer,lmanchestermz@amazon.de,
Auberta,Stollenberg,Non-binary,astollenbergn0@scribd.com,029 Washington Point
Coralie,Musla,Agender,cmuslan1@omniture.com,
Shalom,Eastment,Female,seastmentn2@a8.net,51 Arrowood Plaza
Ira,Alanbrooke,Polygender,ialanbrooken3@woothemes.com,116 Annamark Crossing
Wakefield,Malim,,wmalimn4@hhs.gov,6 8th Point
Conway,Stannah,Non-binary,cstannahn5@meetup.com,974 Bowman Circle
Vivienne,Chadwen,Agender,,439 Michigan Alley
Aurea,Donohoe,Agender,adonohoen7@utexas.edu,93130 Vahlen Court
Josselyn,Logan,Polygender,jlogann8@e-recht24.de,86 Jenifer Pass
Maris,Ivel,Genderfluid,miveln9@theguardian.com,1 Butterfield Drive
Nerissa,Pratten,Bigender,nprattenna@epa.gov,5 Butterfield Junction
Daryn,Cawsey,Male,dcawseynb@cdc.gov,31 Crowley Hill
Kipp,Styan,Female,kstyannc@list-manage.com,
Eimile,Sporton,Polygender,esportonnd@example.com,7122 4th Parkway
Deny,Abrahamoff,Agender,dabrahamoffne@about.me,8 Havey Point
Bob,Mogford,Male,bmogfordnf@joomla.org,
Roman,Saph,,rsaphng@1und1.de,42295 Stang Alley
Marlow,Breckon,Male,mbreckonnh@cyberchimps.com,
Vasily,Lionel,Agender,vlionelni@g.co,71491 Pierstorff Junction
Sheena,Enrigo,Male,senrigonj@parallels.com,065 Moland Place
Lotty,Goldspink,Polygender,lgoldspinknk@jiathis.com,34364 Lukken Lane
Ashlan,Rathe,Bigender,arathenl@mapy.cz,9481 Drewry Parkway
Ade,Haslen,Male,ahaslennm@google.com.br,590 Ronald Regan Drive
Jarret,Marchello,Female,jmarchellonn@cbslocal.com,9212 Nobel Circle
Goldia,Nott,Male,,88 Kennedy Junction
Bard,Dunridge,Non-binary,bdunridgenp@businessweek.com,03242 Banding Street
Glynda,Lynthal,Agender,glynthalnq@geocities.com,49685 Pleasure Plaza
Clary,Pieroni,Non-binary,cpieroninr@unc.edu,27702 Scott Lane
Juana,Halladey,Genderqueer,jhalladeyns@blogtalkradio.com,398 Lunder Street
Josh,Sommersett,Non-binary,jsommersettnt@yahoo.co.jp,427 Arrowood Pass
Alexei,Kernan,Non-binary,akernannu@bing.com,7 Golden Leaf Trail
Darnall,Kiessel,Agender,dkiesselnv@themeforest.net,7818 Eastwood Terrace
Avrom,Cassedy,,acassedynw@google.nl,27 Goodland Junction
Juditha,Lembke,Bigender,jlembkenx@nsw.gov.au,80 Homewood Avenue
Harri,Simper,Male,hsimperny@i2i.jp,4 Autumn Leaf Trail
Fan,Claibourn,Male,fclaibournnz@jugem.jp,772 Roth Plaza
Auberta,Bison,Polygender,abisono0@boston.com,625 Charing Cross Lane
Enrika,Cahen,Non-binary,ecaheno1@51.la,95 Merchant Park
Muhammad,Shanley,Genderfluid,mshanleyo2@mlb.com,317 Upham Parkway
Roxane,Daen,Bigender,rdaeno3@wordpress.com,
Davina,Stenyng,Agender,dstenyngo4@auda.org.au,6420 Erie Lane
Krystalle,Gait,Male,kgaito5@cafepress.com,75237 Westend Terrace
Emmott,Yakebovitch,Female,eyakebovitcho6@tinypic.com,5 Lukken Avenue
Gael,Rosso,Bigender,grossoo7@abc.net.au,7727 Transport Lane
Valdemar,Rackham,Non-binary,vrackhamo8@salon.com,45146 Crest Line Road
Maren,Burwin,Genderfluid,mburwino9@japanpost.jp,28 Sutherland Court
Millisent,Mennell,,mmennelloa@apache.org,5 Ridgeway Plaza
Marnie,Abramson,Genderfluid,mabramsonob@cisco.com,01819 Carpenter Road
Madelon,Caherny,Bigender,mcahernyoc@census.gov,2 Hanover Plaza
Hadrian,Presland,Agender,hpreslandod@wikia.com,8 Bowman Trail
Lorry,Kitchin,Genderfluid,lkitchinoe@webmd.com,971 Moulton Way
Jozef,Lavallin,Non-binary,jlavallinof@last.fm,0702 Northfield Circle
Gaylor,Marlin,Non-binary,gmarlinog@opera.com,45633 Lunder Center
Evelyn,Lukovic,,elukovicoh@so-net.ne.jp,9 Claremont Court
Moll,Jarrett,Male,mjarrettoi@google.com.hk,4 Moulton Crossing
Zena,Sherebrooke,Agender,zsherebrookeoj@e-recht24.de,498 Autumn Leaf Road
Eli,Durrington,Male,edurringtonok@bravesites.com,37 Wayridge Center
Flora,Harrill,Genderqueer,fharrillol@skyrock.com,62 Dovetail Court
Marta,Readwing,Female,mreadwingom@usatoday.com,8152 Bunker Hill Road
Gussie,Da Costa,Agender,gdacostaon@nydailynews.com,4 Northport Center
Diarmid,Essex,Female,dessexoo@senate.gov,119 Prairie Rose Road
Amalita,Markus,Female,amarkusop@google.fr,22418 Monica Junction
Trstram,Amerighi,Genderfluid,tamerighioq@nhs.uk,461 Dapin Lane
Tobi,Bilbrooke,Non-binary,tbilbrookeor@bravesites.com,3798 Lerdahl Hill
Arnuad,Andersen,Non-binary,aandersenos@mashable.com,00371 Summit Street
Linn,Macvey,Female,lmacveyot@so-net.ne.jp,4498 Bowman Parkway
Ebony,Stoffler,Genderqueer,estofflerou@linkedin.com,95767 Fordem Trail
Rutter,Gerardi,Female,rgerardiov@guardian.co.uk,690 Schiller Trail
Ganny,McIlvoray,Female,gmcilvorayow@meetup.com,0 Merrick Avenue
Constantin,Sinclar,Non-binary,csinclarox@oakley.com,68 Hudson Drive
Myrna,Blenkinship,Genderfluid,mblenkinshipoy@census.gov,953 Clove Plaza
Kariotta,Crallan,Polygender,kcrallanoz@wikipedia.org,94029 Hagan Road
Grethel,Bertie,Male,gbertiep0@ucla.edu,2067 Garrison Lane
Vaclav,Remer,Female,vremerp1@wikispaces.com,6 Forest Dale Hill
Beniamino,Jarvie,Non-binary,bjarviep2@stumbleupon.com,4 Coleman Circle
Stephan,Tregunna,Genderqueer,stregunnap3@discovery.com,7800 Express Street
Cornelia,Symcox,Female,csymcoxp4@vinaora.com,35 Spohn Pass
Veradis,Camolli,Bigender,vcamollip5@theguardian.com,859 Hanover Parkway
Renata,Churm,Bigender,rchurmp6@geocities.jp,3 Spaight Crossing
Corabel,Pascall,Genderfluid,cpascallp7@macromedia.com,809 Summerview Pass
Wynne,Vasyunichev,Non-binary,wvasyunichevp8@blinklist.com,1346 Nobel Court
Rochester,Chidwick,Polygender,rchidwickp9@timesonline.co.uk,95352 Kipling Park
Bay,Glowach,Agender,bglowachpa@weebly.com,37119 Mayfield Road
Dory,Dowall,Genderqueer,ddowallpb@hostgator.com,04489 Johnson Avenue
Cyrus,Wiley,Bigender,cwileypc@comsenz.com,6 Elmside Park
Verney,Shepton,Polygender,vsheptonpd@columbia.edu,6172 Laurel Center
Fawnia,Odell,Agender,fodellpe@diigo.com,97179 Mcbride Terrace
Merna,Adshed,Genderfluid,madshedpf@cbslocal.com,398 Waxwing Court
Gayla,Inch,Non-binary,ginchpg@wunderground.com,8 Anniversary Place
Agosto,Pyper,Female,apyperph@buzzfeed.com,74 Rutledge Park
Raff,Marcos,Non-binary,rmarcospi@icio.us,063 Commercial Park
Egon,Bussetti,Genderqueer,ebussettipj@posterous.com,8 Laurel Point
Fowler,Lovejoy,Genderqueer,flovejoypk@51.la,88978 Mosinee Circle
Jaine,Bill,Polygender,jbillpl@google.ru,18544 Dennis Parkway
Clio,Silcock,Female,csilcockpm@fema.gov,19183 Holmberg Circle
Valida,Annandale,Female,vannandalepn@geocities.jp,83187 Morrow Junction
Rollie,Monan,Male,rmonanpo@google.com.hk,885 John Wall Pass
Maximilianus,Chastanet,Non-binary,mchastanetpp@purevolume.com,40 Forster Trail
Dukie,Trighton,,dtrightonpq@people.com.cn,6563 Corry Pass
Neddy,Barefoot,Genderqueer,nbarefootpr@shareasale.com,18326 Warrior Court
Meggy,Seefeldt,Female,mseefeldtps@histats.com,9703 Kipling Lane
Norry,Reubens,Bigender,nreubenspt@cdc.gov,62 Bellgrove Drive
Gena,Baudts,Male,gbaudtspu@trellian.com,816 Anzinger Park
Emery,Leve,Polygender,elevepv@smugmug.com,80 Dovetail Parkway
Andriette,Radden,Genderfluid,araddenpw@fc2.com,91 Vidon Road
Devinne,Mouth,Non-binary,dmouthpx@plala.or.jp,1953 Bluestem Park
Maribeth,Escalero,Polygender,mescaleropy@craigslist.org,9577 Ramsey Pass
Stacee,Benford,Non-binary,sbenfordpz@chicagotribune.com,40 Del Mar Lane
Pepillo,Preston,Genderqueer,pprestonq0@nsw.gov.au,3314 Weeping Birch Crossing
Tedmund,Meeron,Genderqueer,tmeeronq1@independent.co.uk,075 Ridge Oak Alley
Sarette,Ilson,Non-binary,silsonq2@t.co,4 Service Place
Dulcia,Cleugh,Male,,263 Morningstar Trail
Clerkclaude,Dorcey,Female,cdorceyq4@netlog.com,6 Gateway Trail
Braden,Munslow,Female,bmunslowq5@pagesperso-orange.fr,05 Cardinal Pass
Torie,Outlaw,Bigender,toutlawq6@springer.com,379 3rd Crossing
Marylee,Steger,Male,mstegerq7@dailymotion.com,8 Melrose Court
Ardella,Evert,Polygender,aevertq8@statcounter.com,06574 Linden Street
Malia,Hastin,Male,mhastinq9@buzzfeed.com,65319 Independence Junction
Shara,Simonard,Genderfluid,ssimonardqa@addthis.com,5996 Farmco Parkway
Kaylil,Birchner,Non-binary,kbirchnerqb@netscape.com,86 Thierer Parkway
Al,Cornely,Genderfluid,acornelyqc@cnn.com,
Essy,Bradnock,Polygender,ebradnockqd@scientificamerican.com,968 Mallory Circle
Kerwin,Camili,Genderfluid,kcamiliqe@youtu.be,0 Derek Circle
Cleveland,Gunn,Female,,568 Bunting Park
Lynn,Ballsdon,Female,lballsdonqg@ucla.edu,8 4th Alley
Morganne,Studholme,Agender,mstudholmeqh@cnet.com,33 Center Street
Liane,Honnicott,Male,lhonnicottqi@booking.com,558 Delaware Pass
Boyd,Cohrs,Agender,bcohrsqj@boston.com,7 Grim Street
Cassaundra,De Witt,Bigender,cdewittqk@elpais.com,54 Straubel Parkway
Gabriell,Itzkin,,gitzkinql@issuu.com,1 Canary Park
Josephina,Checklin,Male,jchecklinqm@hao123.com,
Rosa,Kleeman,Female,rkleemanqn@ed.gov,39332 Springview Road
Terri,Okker,Genderqueer,tokkerqo@histats.com,17 Chinook Junction
Ann-marie,Storch,Non-binary,astorchqp@cdbaby.com,51326 Scoville Drive
Irwin,Whorlow,Agender,iwhorlowqq@blogs.com,
Letitia,Adkins,Bigender,ladkinsqr@earthlink.net,22508 Blue Bill Park Drive
Karon,Bedson,Non-binary,kbedsonqs@godaddy.com,57158 Crownhardt Place
Dottie,Killingbeck,Genderfluid,dkillingbeckqt@jugem.jp,9744 Fair Oaks Place
Lowell,Leadbetter,Female,lleadbetterqu@blogger.com,67 1st Drive
Selle,Hammerberg,Bigender,shammerbergqv@wired.com,9722 Hauk Crossing
Francine,Elton,Genderqueer,feltonqw@seesaa.net,9 Vidon Way
Luciana,Elrick,Female,lelrickqx@si.edu,341 Lien Hill
Kimball,Oxbrow,Non-binary,koxbrowqy@yale.edu,2879 Kings Crossing
Giles,Theseira,Genderfluid,gtheseiraqz@craigslist.org,065 Parkside Parkway
Stern,Klagges,Male,sklaggesr0@smh.com.au,7 Lindbergh Terrace
Murdock,Collomosse,Male,mcollomosser1@google.nl,915 Clyde Gallagher Place
Clemmy,Anning,Bigender,canningr2@unc.edu,83 Old Gate Avenue
Mara,Filmer,Female,mfilmerr3@amazon.co.uk,66637 Myrtle Hill
Dane,Kidson,Genderfluid,dkidsonr4@mediafire.com,93 Hoffman Center
Waly,O'Lochan,Non-binary,wolochanr5@vinaora.com,25551 Gerald Terrace
Rad,Treher,Genderqueer,rtreherr6@businessweek.com,85443 Fairfield Point
Nanni,Skyme,Agender,nskymer7@gravatar.com,999 Grasskamp Street
Phillip,Danielian,Bigender,pdanielianr8@ebay.com,33010 Delaware Court
Alden,Syddie,Bigender,asyddier9@uiuc.edu,54198 Continental Way
Shaylyn,Currer,Non-binary,scurrerra@tamu.edu,86 Dakota Hill
Dunc,Kittel,Non-binary,dkittelrb@chronoengine.com,6 Hanson Junction
Margie,Skewis,Genderfluid,mskewisrc@paypal.com,72 Ridgeway Drive
Marcellus,Skirling,Bigender,mskirlingrd@samsung.com,71413 Red Cloud Avenue
Adolpho,Vise,Male,avisere@latimes.com,207 Westerfield Way
Tessy,Marusic,Female,tmarusicrf@prweb.com,86 Arkansas Street
Aurel,Meatyard,Female,ameatyardrg@usatoday.com,328 Crownhardt Plaza
Julian,Kunrad,Bigender,jkunradrh@blogspot.com,10637 Spenser Way
Othelia,Armal,Female,oarmalri@simplemachines.org,7 Southridge Lane
Evania,Houlworth,Genderfluid,ehoulworthrj@taobao.com,947 Welch Trail
Sofie,Banbridge,Male,sbanbridgerk@opensource.org,9766 Straubel Road
Pierre,Ferreira,Male,,401 Birchwood Terrace
Mahalia,Shaefer,Female,mshaeferrm@topsy.com,96 Fair Oaks Point
Roseanna,Greave,Genderqueer,rgreavern@globo.com,6 Sugar Point
Zea,Riste,Genderfluid,zristero@washington.edu,913 Cordelia Plaza
Davida,Jedrachowicz,Genderqueer,djedrachowiczrp@sitemeter.com,2 Kingsford Road
Otto,Wherrett,Non-binary,owherrettrq@cyberchimps.com,431 Ilene Hill
Phaidra,McMichael,Non-binary,pmcmichaelrr@home.pl,3 Kim Point
